flow_cell,lane,population,barcode,sequencing_facility,internal_library_name,run_type,fastq1,fastq2
AACNFLMM5,1,CB_rep01_gen01,CACTTGA-TCAAGTG,OSU,FLY01A,PE150,FLYLONG_CB_rep01_gen01_01_R1.fastq.gz,FLYLONG_CB_rep01_gen01_01_R2.fastq.gz
AACNFLMM5,1,CB_rep02_gen01,CCGGAAT-ATTCCGG,OSU,FLY01A,PE150,FLYLONG_CB_rep02_gen01_01_R1.fastq.gz,FLYLONG_CB_rep02_gen01_01_R2.fastq.gz
AACNFLMM5,1,CB_rep03_gen01,TAGACCG-CGGTCTA,OSU,FLY01A,PE150,FLYLONG_CB_rep03_gen01_01_R1.fastq.gz,FLYLONG_CB_rep03_gen01_01_R2.fastq.gz
AACNFLMM5,1,CB_rep04_gen01,GTATCTC-GAGATAC,OSU,FLY01A,PE150,FLYLONG_CB_rep04_gen01_01_R1.fastq.gz,FLYLONG_CB_rep04_gen01_01_R2.fastq.gz
AACNFLMM5,1,CB_rep05_gen01,GCTATAG-CTATAGC,OSU,FLY01A,PE150,FLYLONG_CB_rep05_gen01_01_R1.fastq.gz,FLYLONG_CB_rep05_gen01_01_R2.fastq.gz
AACNFLMM5,1,CBO_rep01_gen01,TTCCGTC-GACGGAA,OSU,FLY01A,PE150,FLYLONG_CBO_rep01_gen01_01_R1.fastq.gz,FLYLONG_CBO_rep01_gen01_01_R2.fastq.gz
AACNFLMM5,1,CBO_rep02_gen01,AGAGTGC-GCACTCT,OSU,FLY01A,PE150,FLYLONG_CBO_rep02_gen01_01_R1.fastq.gz,FLYLONG_CBO_rep02_gen01_01_R2.fastq.gz
AACNFLMM5,1,CBO_rep03_gen01,CGTTCTT-AAGAACG,OSU,FLY01A,PE150,FLYLONG_CBO_rep03_gen01_01_R1.fastq.gz,FLYLONG_CBO_rep03_gen01_01_R2.fastq.gz
AACNFLMM5,1,CBO_rep04_gen01,TTCGACG-CGTCGAA,OSU,FLY01A,PE150,FLYLONG_CBO_rep04_gen01_01_R1.fastq.gz,FLYLONG_CBO_rep04_gen01_01_R2.fastq.gz
AACNFLMM5,1,CBO_rep05_gen01,ACCAGCA-TGCTGGT,OSU,FLY01A,PE150,FLYLONG_CBO_rep05_gen01_01_R1.fastq.gz,FLYLONG_CBO_rep05_gen01_01_R2.fastq.gz
AACNFLMM5,1,EB_rep01_gen01,GGAATGT-ACATTCC,OSU,FLY01A,PE150,FLYLONG_EB_rep01_gen01_01_R1.fastq.gz,FLYLONG_EB_rep01_gen01_01_R2.fastq.gz
AACNFLMM5,1,EB_rep02_gen01,CGATGGA-TCCATCG,OSU,FLY01A,PE150,FLYLONG_EB_rep02_gen01_01_R1.fastq.gz,FLYLONG_EB_rep02_gen01_01_R2.fastq.gz
AACNFLMM5,1,EB_rep03_gen01,AATCGAC-GTCGATT,OSU,FLY01A,PE150,FLYLONG_EB_rep03_gen01_01_R1.fastq.gz,FLYLONG_EB_rep03_gen01_01_R2.fastq.gz
AACNFLMM5,1,EB_rep04_gen01,GATGACT-AGTCATC,OSU,FLY01A,PE150,FLYLONG_EB_rep04_gen01_01_R1.fastq.gz,FLYLONG_EB_rep04_gen01_01_R2.fastq.gz
AACNFLMM5,1,EB_rep05_gen01,ATGCATG-CATGCAT,OSU,FLY01A,PE150,FLYLONG_EB_rep05_gen01_01_R1.fastq.gz,FLYLONG_EB_rep05_gen01_01_R2.fastq.gz
AACNFLMM5,1,EBO_rep01_gen01,TCGCCAA-TTGGCGA,OSU,FLY01A,PE150,FLYLONG_EBO_rep01_gen01_01_R1.fastq.gz,FLYLONG_EBO_rep01_gen01_01_R2.fastq.gz
AACNFLMM5,1,EBO_rep02_gen01,GAATAGG-CCTATTC,OSU,FLY01A,PE150,FLYLONG_EBO_rep02_gen01_01_R1.fastq.gz,FLYLONG_EBO_rep02_gen01_01_R2.fastq.gz
AACNFLMM5,1,EBO_rep03_gen01,GGCATAC-GTATGCC,OSU,FLY01A,PE150,FLYLONG_EBO_rep03_gen01_01_R1.fastq.gz,FLYLONG_EBO_rep03_gen01_01_R2.fastq.gz
AACNFLMM5,1,EBO_rep04_gen01,TTGTCCA-TGGACAA,OSU,FLY01A,PE150,FLYLONG_EBO_rep04_gen01_01_R1.fastq.gz,FLYLONG_EBO_rep04_gen01_01_R2.fastq.gz
AACNFLMM5,1,EBO_rep05_gen01,AGTCGCA-TGCGACT,OSU,FLY01A,PE150,FLYLONG_EBO_rep05_gen01_01_R1.fastq.gz,FLYLONG_EBO_rep05_gen01_01_R2.fastq.gz
AACNFLMM5,1,CB_rep01_gen56,TCGCAGT-ACTGCGA,OSU,FLY01A,PE150,FLYLONG_CB_rep01_gen56_01_R1.fastq.gz,FLYLONG_CB_rep01_gen56_01_R2.fastq.gz
AACNFLMM5,1,CB_rep02_gen56,CACGTTC-GAACGTG,OSU,FLY01A,PE150,FLYLONG_CB_rep02_gen56_01_R1.fastq.gz,FLYLONG_CB_rep02_gen56_01_R2.fastq.gz
AACNFLMM5,1,CB_rep03_gen56,CCTAGAT-ATCTAGG,OSU,FLY01A,PE150,FLYLONG_CB_rep03_gen56_01_R1.fastq.gz,FLYLONG_CB_rep03_gen56_01_R2.fastq.gz
AACNFLMM5,1,CB_rep04_gen56,ATAGCTG-CAGCTAT,OSU,FLY01A,PE150,FLYLONG_CB_rep04_gen56_01_R1.fastq.gz,FLYLONG_CB_rep04_gen56_01_R2.fastq.gz
AACNFLMM5,1,CB_rep05_gen56,GCTGTCA-TGACAGC,OSU,FLY01A,PE150,FLYLONG_CB_rep05_gen56_01_R1.fastq.gz,FLYLONG_CB_rep05_gen56_01_R2.fastq.gz
AACNFLMM5,1,CBO_rep01_gen56,ACGTGAG-CTCACGT,OSU,FLY01A,PE150,FLYLONG_CBO_rep01_gen56_01_R1.fastq.gz,FLYLONG_CBO_rep01_gen56_01_R2.fastq.gz
AACNFLMM5,1,CBO_rep02_gen56,CAATCTG-CAGATTG,OSU,FLY01A,PE150,FLYLONG_CBO_rep02_gen56_01_R1.fastq.gz,FLYLONG_CBO_rep02_gen56_01_R2.fastq.gz
AACNFLMM5,1,CBO_rep03_gen56,ATTAGGC-GCCTAAT,OSU,FLY01A,PE150,FLYLONG_CBO_rep03_gen56_01_R1.fastq.gz,FLYLONG_CBO_rep03_gen56_01_R2.fastq.gz
AACNFLMM5,1,CBO_rep04_gen56,GAACCGT-ACGGTTC,OSU,FLY01A,PE150,FLYLONG_CBO_rep04_gen56_01_R1.fastq.gz,FLYLONG_CBO_rep04_gen56_01_R2.fastq.gz
AACNFLMM5,1,CBO_rep05_gen56,TTGGTAC-GTACCAA,OSU,FLY01A,PE150,FLYLONG_CBO_rep05_gen56_01_R1.fastq.gz,FLYLONG_CBO_rep05_gen56_01_R2.fastq.gz
AACNFLMM5,1,EB_rep01_gen20,CGCCATT-AATGGCG,OSU,FLY01A,PE150,FLYLONG_EB_rep01_gen20_01_R1.fastq.gz,FLYLONG_EB_rep01_gen20_01_R2.fastq.gz
AACNFLMM5,1,EB_rep02_gen20,TGCAACA-TGTTGCA,OSU,FLY01A,PE150,FLYLONG_EB_rep02_gen20_01_R1.fastq.gz,FLYLONG_EB_rep02_gen20_01_R2.fastq.gz
AACNFLMM5,1,EB_rep03_gen20,GACTCTA-TAGAGTC,OSU,FLY01A,PE150,FLYLONG_EB_rep03_gen20_01_R1.fastq.gz,FLYLONG_EB_rep03_gen20_01_R2.fastq.gz
AACNFLMM5,1,EB_rep04_gen20,CTCTACT-AGTAGAG,OSU,FLY01A,PE150,FLYLONG_EB_rep04_gen20_01_R1.fastq.gz,FLYLONG_EB_rep04_gen20_01_R2.fastq.gz
AACNFLMM5,1,EB_rep05_gen20,CATCTTG-CAAGATG,OSU,FLY01A,PE150,FLYLONG_EB_rep05_gen20_01_R1.fastq.gz,FLYLONG_EB_rep05_gen20_01_R2.fastq.gz
AACNFLMM5,1,EBO_rep01_gen20,CGAGTAG-CTACTCG,OSU,FLY01A,PE150,FLYLONG_EBO_rep01_gen20_01_R1.fastq.gz,FLYLONG_EBO_rep01_gen20_01_R2.fastq.gz
AACNFLMM5,1,EBO_rep02_gen20,ATGCGCT-AGCGCAT,OSU,FLY01A,PE150,FLYLONG_EBO_rep02_gen20_01_R1.fastq.gz,FLYLONG_EBO_rep02_gen20_01_R2.fastq.gz
AACNFLMM5,1,EBO_rep03_gen20,TGGAGAC-GTCTCCA,OSU,FLY01A,PE150,FLYLONG_EBO_rep03_gen20_01_R1.fastq.gz,FLYLONG_EBO_rep03_gen20_01_R2.fastq.gz
AACNFLMM5,1,EBO_rep04_gen20,TGTCCGA-TCGGACA,OSU,FLY01A,PE150,FLYLONG_EBO_rep04_gen20_01_R1.fastq.gz,FLYLONG_EBO_rep04_gen20_01_R2.fastq.gz
AACNFLMM5,1,EBO_rep05_gen20,AACTCCT-AGGAGTT,OSU,FLY01A,PE150,FLYLONG_EBO_rep05_gen20_01_R1.fastq.gz,FLYLONG_EBO_rep05_gen20_01_R2.fastq.gz
AACVMTCM5,1,CB_rep01_gen01,CACTTGA-TCAAGTG,OSU,FLY01B,PE150,FLYLONG_CB_rep01_gen01_02_R1.fastq.gz,FLYLONG_CB_rep01_gen01_02_R2.fastq.gz
AACVMTCM5,1,CB_rep02_gen01,CCGGAAT-ATTCCGG,OSU,FLY01B,PE150,FLYLONG_CB_rep02_gen01_02_R1.fastq.gz,FLYLONG_CB_rep02_gen01_02_R2.fastq.gz
AACVMTCM5,1,CB_rep03_gen01,TAGACCG-CGGTCTA,OSU,FLY01B,PE150,FLYLONG_CB_rep03_gen01_02_R1.fastq.gz,FLYLONG_CB_rep03_gen01_02_R2.fastq.gz
AACVMTCM5,1,CB_rep04_gen01,GTATCTC-GAGATAC,OSU,FLY01B,PE150,FLYLONG_CB_rep04_gen01_02_R1.fastq.gz,FLYLONG_CB_rep04_gen01_02_R2.fastq.gz
AACVMTCM5,1,CB_rep05_gen01,GCTATAG-CTATAGC,OSU,FLY01B,PE150,FLYLONG_CB_rep05_gen01_02_R1.fastq.gz,FLYLONG_CB_rep05_gen01_02_R2.fastq.gz
AACVMTCM5,1,CBO_rep01_gen01,TTCCGTC-GACGGAA,OSU,FLY01B,PE150,FLYLONG_CBO_rep01_gen01_02_R1.fastq.gz,FLYLONG_CBO_rep01_gen01_02_R2.fastq.gz
AACVMTCM5,1,CBO_rep02_gen01,AGAGTGC-GCACTCT,OSU,FLY01B,PE150,FLYLONG_CBO_rep02_gen01_02_R1.fastq.gz,FLYLONG_CBO_rep02_gen01_02_R2.fastq.gz
AACVMTCM5,1,CBO_rep03_gen01,CGTTCTT-AAGAACG,OSU,FLY01B,PE150,FLYLONG_CBO_rep03_gen01_02_R1.fastq.gz,FLYLONG_CBO_rep03_gen01_02_R2.fastq.gz
AACVMTCM5,1,CBO_rep04_gen01,TTCGACG-CGTCGAA,OSU,FLY01B,PE150,FLYLONG_CBO_rep04_gen01_02_R1.fastq.gz,FLYLONG_CBO_rep04_gen01_02_R2.fastq.gz
AACVMTCM5,1,CBO_rep05_gen01,ACCAGCA-TGCTGGT,OSU,FLY01B,PE150,FLYLONG_CBO_rep05_gen01_02_R1.fastq.gz,FLYLONG_CBO_rep05_gen01_02_R2.fastq.gz
AACVMTCM5,1,EB_rep01_gen01,GGAATGT-ACATTCC,OSU,FLY01B,PE150,FLYLONG_EB_rep01_gen01_02_R1.fastq.gz,FLYLONG_EB_rep01_gen01_02_R2.fastq.gz
AACVMTCM5,1,EB_rep02_gen01,CGATGGA-TCCATCG,OSU,FLY01B,PE150,FLYLONG_EB_rep02_gen01_02_R1.fastq.gz,FLYLONG_EB_rep02_gen01_02_R2.fastq.gz
AACVMTCM5,1,EB_rep03_gen01,AATCGAC-GTCGATT,OSU,FLY01B,PE150,FLYLONG_EB_rep03_gen01_02_R1.fastq.gz,FLYLONG_EB_rep03_gen01_02_R2.fastq.gz
AACVMTCM5,1,EB_rep04_gen01,GATGACT-AGTCATC,OSU,FLY01B,PE150,FLYLONG_EB_rep04_gen01_02_R1.fastq.gz,FLYLONG_EB_rep04_gen01_02_R2.fastq.gz
AACVMTCM5,1,EB_rep05_gen01,ATGCATG-CATGCAT,OSU,FLY01B,PE150,FLYLONG_EB_rep05_gen01_02_R1.fastq.gz,FLYLONG_EB_rep05_gen01_02_R2.fastq.gz
AACVMTCM5,1,EBO_rep01_gen01,TCGCCAA-TTGGCGA,OSU,FLY01B,PE150,FLYLONG_EBO_rep01_gen01_02_R1.fastq.gz,FLYLONG_EBO_rep01_gen01_02_R2.fastq.gz
AACVMTCM5,1,EBO_rep02_gen01,GAATAGG-CCTATTC,OSU,FLY01B,PE150,FLYLONG_EBO_rep02_gen01_02_R1.fastq.gz,FLYLONG_EBO_rep02_gen01_02_R2.fastq.gz
AACVMTCM5,1,EBO_rep03_gen01,GGCATAC-GTATGCC,OSU,FLY01B,PE150,FLYLONG_EBO_rep03_gen01_02_R1.fastq.gz,FLYLONG_EBO_rep03_gen01_02_R2.fastq.gz
AACVMTCM5,1,EBO_rep04_gen01,TTGTCCA-TGGACAA,OSU,FLY01B,PE150,FLYLONG_EBO_rep04_gen01_02_R1.fastq.gz,FLYLONG_EBO_rep04_gen01_02_R2.fastq.gz
AACVMTCM5,1,EBO_rep05_gen01,AGTCGCA-TGCGACT,OSU,FLY01B,PE150,FLYLONG_EBO_rep05_gen01_02_R1.fastq.gz,FLYLONG_EBO_rep05_gen01_02_R2.fastq.gz
AACVMTCM5,1,CB_rep01_gen56,TCGCAGT-ACTGCGA,OSU,FLY01B,PE150,FLYLONG_CB_rep01_gen56_02_R1.fastq.gz,FLYLONG_CB_rep01_gen56_02_R2.fastq.gz
AACVMTCM5,1,CB_rep02_gen56,CACGTTC-GAACGTG,OSU,FLY01B,PE150,FLYLONG_CB_rep02_gen56_02_R1.fastq.gz,FLYLONG_CB_rep02_gen56_02_R2.fastq.gz
AACVMTCM5,1,CB_rep03_gen56,CCTAGAT-ATCTAGG,OSU,FLY01B,PE150,FLYLONG_CB_rep03_gen56_02_R1.fastq.gz,FLYLONG_CB_rep03_gen56_02_R2.fastq.gz
AACVMTCM5,1,CB_rep04_gen56,ATAGCTG-CAGCTAT,OSU,FLY01B,PE150,FLYLONG_CB_rep04_gen56_02_R1.fastq.gz,FLYLONG_CB_rep04_gen56_02_R2.fastq.gz
AACVMTCM5,1,CB_rep05_gen56,GCTGTCA-TGACAGC,OSU,FLY01B,PE150,FLYLONG_CB_rep05_gen56_02_R1.fastq.gz,FLYLONG_CB_rep05_gen56_02_R2.fastq.gz
AACVMTCM5,1,CBO_rep01_gen56,ACGTGAG-CTCACGT,OSU,FLY01B,PE150,FLYLONG_CBO_rep01_gen56_02_R1.fastq.gz,FLYLONG_CBO_rep01_gen56_02_R2.fastq.gz
AACVMTCM5,1,CBO_rep02_gen56,CAATCTG-CAGATTG,OSU,FLY01B,PE150,FLYLONG_CBO_rep02_gen56_02_R1.fastq.gz,FLYLONG_CBO_rep02_gen56_02_R2.fastq.gz
AACVMTCM5,1,CBO_rep03_gen56,ATTAGGC-GCCTAAT,OSU,FLY01B,PE150,FLYLONG_CBO_rep03_gen56_02_R1.fastq.gz,FLYLONG_CBO_rep03_gen56_02_R2.fastq.gz
AACVMTCM5,1,CBO_rep04_gen56,GAACCGT-ACGGTTC,OSU,FLY01B,PE150,FLYLONG_CBO_rep04_gen56_02_R1.fastq.gz,FLYLONG_CBO_rep04_gen56_02_R2.fastq.gz
AACVMTCM5,1,CBO_rep05_gen56,TTGGTAC-GTACCAA,OSU,FLY01B,PE150,FLYLONG_CBO_rep05_gen56_02_R1.fastq.gz,FLYLONG_CBO_rep05_gen56_02_R2.fastq.gz
AACVMTCM5,1,EB_rep01_gen20,CGCCATT-AATGGCG,OSU,FLY01B,PE150,FLYLONG_EB_rep01_gen20_02_R1.fastq.gz,FLYLONG_EB_rep01_gen20_02_R2.fastq.gz
AACVMTCM5,1,EB_rep02_gen20,TGCAACA-TGTTGCA,OSU,FLY01B,PE150,FLYLONG_EB_rep02_gen20_02_R1.fastq.gz,FLYLONG_EB_rep02_gen20_02_R2.fastq.gz
AACVMTCM5,1,EB_rep03_gen20,GACTCTA-TAGAGTC,OSU,FLY01B,PE150,FLYLONG_EB_rep03_gen20_02_R1.fastq.gz,FLYLONG_EB_rep03_gen20_02_R2.fastq.gz
AACVMTCM5,1,EB_rep04_gen20,CTCTACT-AGTAGAG,OSU,FLY01B,PE150,FLYLONG_EB_rep04_gen20_02_R1.fastq.gz,FLYLONG_EB_rep04_gen20_02_R2.fastq.gz
AACVMTCM5,1,EB_rep05_gen20,CATCTTG-CAAGATG,OSU,FLY01B,PE150,FLYLONG_EB_rep05_gen20_02_R1.fastq.gz,FLYLONG_EB_rep05_gen20_02_R2.fastq.gz
AACVMTCM5,1,EBO_rep01_gen20,CGAGTAG-CTACTCG,OSU,FLY01B,PE150,FLYLONG_EBO_rep01_gen20_02_R1.fastq.gz,FLYLONG_EBO_rep01_gen20_02_R2.fastq.gz
AACVMTCM5,1,EBO_rep02_gen20,ATGCGCT-AGCGCAT,OSU,FLY01B,PE150,FLYLONG_EBO_rep02_gen20_02_R1.fastq.gz,FLYLONG_EBO_rep02_gen20_02_R2.fastq.gz
AACVMTCM5,1,EBO_rep03_gen20,TGGAGAC-GTCTCCA,OSU,FLY01B,PE150,FLYLONG_EBO_rep03_gen20_02_R1.fastq.gz,FLYLONG_EBO_rep03_gen20_02_R2.fastq.gz
AACVMTCM5,1,EBO_rep04_gen20,TGTCCGA-TCGGACA,OSU,FLY01B,PE150,FLYLONG_EBO_rep04_gen20_02_R1.fastq.gz,FLYLONG_EBO_rep04_gen20_02_R2.fastq.gz
AACVMTCM5,1,EBO_rep05_gen20,AACTCCT-AGGAGTT,OSU,FLY01B,PE150,FLYLONG_EBO_rep05_gen20_02_R1.fastq.gz,FLYLONG_EBO_rep05_gen20_02_R2.fastq.gz
AAG2NCVM5,1,CB_rep01_gen01,CACTTGA-TCAAGTG,OSU,FLY01D,PE150,FLYLONG_CB_rep01_gen01_04_R1.fastq.gz,FLYLONG_CB_rep01_gen01_04_R2.fastq.gz
AAG2NCVM5,1,CB_rep02_gen01,CCGGAAT-ATTCCGG,OSU,FLY01D,PE150,FLYLONG_CB_rep02_gen01_04_R1.fastq.gz,FLYLONG_CB_rep02_gen01_04_R2.fastq.gz
AAG2NCVM5,1,CB_rep03_gen01,TAGACCG-CGGTCTA,OSU,FLY01D,PE150,FLYLONG_CB_rep03_gen01_04_R1.fastq.gz,FLYLONG_CB_rep03_gen01_04_R2.fastq.gz
AAG2NCVM5,1,CB_rep04_gen01,GTATCTC-GAGATAC,OSU,FLY01D,PE150,FLYLONG_CB_rep04_gen01_04_R1.fastq.gz,FLYLONG_CB_rep04_gen01_04_R2.fastq.gz
AAG2NCVM5,1,CB_rep05_gen01,GCTATAG-CTATAGC,OSU,FLY01D,PE150,FLYLONG_CB_rep05_gen01_04_R1.fastq.gz,FLYLONG_CB_rep05_gen01_04_R2.fastq.gz
AAG2NCVM5,1,CBO_rep01_gen01,TTCCGTC-GACGGAA,OSU,FLY01D,PE150,FLYLONG_CBO_rep01_gen01_04_R1.fastq.gz,FLYLONG_CBO_rep01_gen01_04_R2.fastq.gz
AAG2NCVM5,1,CBO_rep02_gen01,AGAGTGC-GCACTCT,OSU,FLY01D,PE150,FLYLONG_CBO_rep02_gen01_04_R1.fastq.gz,FLYLONG_CBO_rep02_gen01_04_R2.fastq.gz
AAG2NCVM5,1,CBO_rep03_gen01,CGTTCTT-AAGAACG,OSU,FLY01D,PE150,FLYLONG_CBO_rep03_gen01_04_R1.fastq.gz,FLYLONG_CBO_rep03_gen01_04_R2.fastq.gz
AAG2NCVM5,1,CBO_rep04_gen01,TTCGACG-CGTCGAA,OSU,FLY01D,PE150,FLYLONG_CBO_rep04_gen01_04_R1.fastq.gz,FLYLONG_CBO_rep04_gen01_04_R2.fastq.gz
AAG2NCVM5,1,CBO_rep05_gen01,ACCAGCA-TGCTGGT,OSU,FLY01D,PE150,FLYLONG_CBO_rep05_gen01_04_R1.fastq.gz,FLYLONG_CBO_rep05_gen01_04_R2.fastq.gz
AAG2NCVM5,1,EB_rep01_gen01,GGAATGT-ACATTCC,OSU,FLY01D,PE150,FLYLONG_EB_rep01_gen01_04_R1.fastq.gz,FLYLONG_EB_rep01_gen01_04_R2.fastq.gz
AAG2NCVM5,1,EB_rep02_gen01,CGATGGA-TCCATCG,OSU,FLY01D,PE150,FLYLONG_EB_rep02_gen01_04_R1.fastq.gz,FLYLONG_EB_rep02_gen01_04_R2.fastq.gz
AAG2NCVM5,1,EB_rep03_gen01,AATCGAC-GTCGATT,OSU,FLY01D,PE150,FLYLONG_EB_rep03_gen01_04_R1.fastq.gz,FLYLONG_EB_rep03_gen01_04_R2.fastq.gz
AAG2NCVM5,1,EB_rep04_gen01,GATGACT-AGTCATC,OSU,FLY01D,PE150,FLYLONG_EB_rep04_gen01_04_R1.fastq.gz,FLYLONG_EB_rep04_gen01_04_R2.fastq.gz
AAG2NCVM5,1,EB_rep05_gen01,ATGCATG-CATGCAT,OSU,FLY01D,PE150,FLYLONG_EB_rep05_gen01_04_R1.fastq.gz,FLYLONG_EB_rep05_gen01_04_R2.fastq.gz
AAG2NCVM5,1,EBO_rep01_gen01,TCGCCAA-TTGGCGA,OSU,FLY01D,PE150,FLYLONG_EBO_rep01_gen01_04_R1.fastq.gz,FLYLONG_EBO_rep01_gen01_04_R2.fastq.gz
AAG2NCVM5,1,EBO_rep02_gen01,GAATAGG-CCTATTC,OSU,FLY01D,PE150,FLYLONG_EBO_rep02_gen01_04_R1.fastq.gz,FLYLONG_EBO_rep02_gen01_04_R2.fastq.gz
AAG2NCVM5,1,EBO_rep03_gen01,GGCATAC-GTATGCC,OSU,FLY01D,PE150,FLYLONG_EBO_rep03_gen01_04_R1.fastq.gz,FLYLONG_EBO_rep03_gen01_04_R2.fastq.gz
AAG2NCVM5,1,EBO_rep04_gen01,TTGTCCA-TGGACAA,OSU,FLY01D,PE150,FLYLONG_EBO_rep04_gen01_04_R1.fastq.gz,FLYLONG_EBO_rep04_gen01_04_R2.fastq.gz
AAG2NCVM5,1,EBO_rep05_gen01,AGTCGCA-TGCGACT,OSU,FLY01D,PE150,FLYLONG_EBO_rep05_gen01_04_R1.fastq.gz,FLYLONG_EBO_rep05_gen01_04_R2.fastq.gz
AAG2NCVM5,1,CB_rep01_gen56,TCGCAGT-ACTGCGA,OSU,FLY01D,PE150,FLYLONG_CB_rep01_gen56_04_R1.fastq.gz,FLYLONG_CB_rep01_gen56_04_R2.fastq.gz
AAG2NCVM5,1,CB_rep02_gen56,CACGTTC-GAACGTG,OSU,FLY01D,PE150,FLYLONG_CB_rep02_gen56_04_R1.fastq.gz,FLYLONG_CB_rep02_gen56_04_R2.fastq.gz
AAG2NCVM5,1,CB_rep03_gen56,CCTAGAT-ATCTAGG,OSU,FLY01D,PE150,FLYLONG_CB_rep03_gen56_04_R1.fastq.gz,FLYLONG_CB_rep03_gen56_04_R2.fastq.gz
AAG2NCVM5,1,CB_rep04_gen56,ATAGCTG-CAGCTAT,OSU,FLY01D,PE150,FLYLONG_CB_rep04_gen56_04_R1.fastq.gz,FLYLONG_CB_rep04_gen56_04_R2.fastq.gz
AAG2NCVM5,1,CB_rep05_gen56,GCTGTCA-TGACAGC,OSU,FLY01D,PE150,FLYLONG_CB_rep05_gen56_04_R1.fastq.gz,FLYLONG_CB_rep05_gen56_04_R2.fastq.gz
AAG2NCVM5,1,CBO_rep01_gen56,ACGTGAG-CTCACGT,OSU,FLY01D,PE150,FLYLONG_CBO_rep01_gen56_04_R1.fastq.gz,FLYLONG_CBO_rep01_gen56_04_R2.fastq.gz
AAG2NCVM5,1,CBO_rep02_gen56,CAATCTG-CAGATTG,OSU,FLY01D,PE150,FLYLONG_CBO_rep02_gen56_04_R1.fastq.gz,FLYLONG_CBO_rep02_gen56_04_R2.fastq.gz
AAG2NCVM5,1,CBO_rep03_gen56,ATTAGGC-GCCTAAT,OSU,FLY01D,PE150,FLYLONG_CBO_rep03_gen56_04_R1.fastq.gz,FLYLONG_CBO_rep03_gen56_04_R2.fastq.gz
AAG2NCVM5,1,CBO_rep04_gen56,GAACCGT-ACGGTTC,OSU,FLY01D,PE150,FLYLONG_CBO_rep04_gen56_04_R1.fastq.gz,FLYLONG_CBO_rep04_gen56_04_R2.fastq.gz
AAG2NCVM5,1,CBO_rep05_gen56,TTGGTAC-GTACCAA,OSU,FLY01D,PE150,FLYLONG_CBO_rep05_gen56_04_R1.fastq.gz,FLYLONG_CBO_rep05_gen56_04_R2.fastq.gz
AAG2NCVM5,1,EB_rep01_gen20,CGCCATT-AATGGCG,OSU,FLY01D,PE150,FLYLONG_EB_rep01_gen20_04_R1.fastq.gz,FLYLONG_EB_rep01_gen20_04_R2.fastq.gz
AAG2NCVM5,1,EB_rep02_gen20,TGCAACA-TGTTGCA,OSU,FLY01D,PE150,FLYLONG_EB_rep02_gen20_04_R1.fastq.gz,FLYLONG_EB_rep02_gen20_04_R2.fastq.gz
AAG2NCVM5,1,EB_rep03_gen20,GACTCTA-TAGAGTC,OSU,FLY01D,PE150,FLYLONG_EB_rep03_gen20_04_R1.fastq.gz,FLYLONG_EB_rep03_gen20_04_R2.fastq.gz
AAG2NCVM5,1,EB_rep04_gen20,CTCTACT-AGTAGAG,OSU,FLY01D,PE150,FLYLONG_EB_rep04_gen20_04_R1.fastq.gz,FLYLONG_EB_rep04_gen20_04_R2.fastq.gz
AAG2NCVM5,1,EB_rep05_gen20,CATCTTG-CAAGATG,OSU,FLY01D,PE150,FLYLONG_EB_rep05_gen20_04_R1.fastq.gz,FLYLONG_EB_rep05_gen20_04_R2.fastq.gz
AAG2NCVM5,1,EBO_rep01_gen20,CGAGTAG-CTACTCG,OSU,FLY01D,PE150,FLYLONG_EBO_rep01_gen20_04_R1.fastq.gz,FLYLONG_EBO_rep01_gen20_04_R2.fastq.gz
AAG2NCVM5,1,EBO_rep02_gen20,ATGCGCT-AGCGCAT,OSU,FLY01D,PE150,FLYLONG_EBO_rep02_gen20_04_R1.fastq.gz,FLYLONG_EBO_rep02_gen20_04_R2.fastq.gz
AAG2NCVM5,1,EBO_rep03_gen20,TGGAGAC-GTCTCCA,OSU,FLY01D,PE150,FLYLONG_EBO_rep03_gen20_04_R1.fastq.gz,FLYLONG_EBO_rep03_gen20_04_R2.fastq.gz
AAG2NCVM5,1,EBO_rep04_gen20,TGTCCGA-TCGGACA,OSU,FLY01D,PE150,FLYLONG_EBO_rep04_gen20_04_R1.fastq.gz,FLYLONG_EBO_rep04_gen20_04_R2.fastq.gz
AAG2NCVM5,1,EBO_rep05_gen20,AACTCCT-AGGAGTT,OSU,FLY01D,PE150,FLYLONG_EBO_rep05_gen20_04_R1.fastq.gz,FLYLONG_EBO_rep05_gen20_04_R2.fastq.gz
AAF5LWWM5,1,CB_rep04_gen01,CACTTGA-TCAAGTG,OSU,FLY01C,PE150,FLYLONG_CB_rep04_gen01_03_R1.fastq.gz,FLYLONG_CB_rep04_gen01_03_R2.fastq.gz
AAF5LWWM5,1,CBO_rep01_gen01,CCGGAAT-ATTCCGG,OSU,FLY01C,PE150,FLYLONG_CBO_rep01_gen01_03_R1.fastq.gz,FLYLONG_CBO_rep01_gen01_03_R2.fastq.gz
AAF5LWWM5,1,CBO_rep04_gen01,TAGACCG-CGGTCTA,OSU,FLY01C,PE150,FLYLONG_CBO_rep04_gen01_03_R1.fastq.gz,FLYLONG_CBO_rep04_gen01_03_R2.fastq.gz
AAF5LWWM5,1,EB_rep01_gen01,GTATCTC-GAGATAC,OSU,FLY01C,PE150,FLYLONG_EB_rep01_gen01_03_R1.fastq.gz,FLYLONG_EB_rep01_gen01_03_R2.fastq.gz
AAF5LWWM5,1,EB_rep02_gen01,GCTATAG-CTATAGC,OSU,FLY01C,PE150,FLYLONG_EB_rep02_gen01_03_R1.fastq.gz,FLYLONG_EB_rep02_gen01_03_R2.fastq.gz
AAF5LWWM5,1,EB_rep03_gen01,TTCCGTC-GACGGAA,OSU,FLY01C,PE150,FLYLONG_EB_rep03_gen01_03_R1.fastq.gz,FLYLONG_EB_rep03_gen01_03_R2.fastq.gz
AAF5LWWM5,1,EB_rep05_gen01,AGAGTGC-GCACTCT,OSU,FLY01C,PE150,FLYLONG_EB_rep05_gen01_03_R1.fastq.gz,FLYLONG_EB_rep05_gen01_03_R2.fastq.gz
AAF5LWWM5,1,EBO_rep01_gen01,CGTTCTT-AAGAACG,OSU,FLY01C,PE150,FLYLONG_EBO_rep01_gen01_03_R1.fastq.gz,FLYLONG_EBO_rep01_gen01_03_R2.fastq.gz
AAF5LWWM5,1,EBO_rep02_gen01,TTCGACG-CGTCGAA,OSU,FLY01C,PE150,FLYLONG_EBO_rep02_gen01_03_R1.fastq.gz,FLYLONG_EBO_rep02_gen01_03_R2.fastq.gz
AAF5LWWM5,1,EBO_rep03_gen01,ACCAGCA-TGCTGGT,OSU,FLY01C,PE150,FLYLONG_EBO_rep03_gen01_03_R1.fastq.gz,FLYLONG_EBO_rep03_gen01_03_R2.fastq.gz
AAF5LWWM5,1,EBO_rep05_gen01,GGAATGT-ACATTCC,OSU,FLY01C,PE150,FLYLONG_EBO_rep05_gen01_03_R1.fastq.gz,FLYLONG_EBO_rep05_gen01_03_R2.fastq.gz
AAF5LWWM5,1,CB_rep05_gen56,CGATGGA-TCCATCG,OSU,FLY01C,PE150,FLYLONG_CB_rep05_gen56_03_R1.fastq.gz,FLYLONG_CB_rep05_gen56_03_R2.fastq.gz
AAF5LWWM5,1,CBO_rep01_gen56,AATCGAC-GTCGATT,OSU,FLY01C,PE150,FLYLONG_CBO_rep01_gen56_03_R1.fastq.gz,FLYLONG_CBO_rep01_gen56_03_R2.fastq.gz
AAF5LWWM5,1,CBO_rep02_gen56,GATGACT-AGTCATC,OSU,FLY01C,PE150,FLYLONG_CBO_rep02_gen56_03_R1.fastq.gz,FLYLONG_CBO_rep02_gen56_03_R2.fastq.gz
AAF5LWWM5,1,CBO_rep03_gen56,ATGCATG-CATGCAT,OSU,FLY01C,PE150,FLYLONG_CBO_rep03_gen56_03_R1.fastq.gz,FLYLONG_CBO_rep03_gen56_03_R2.fastq.gz
AAF5LWWM5,1,CBO_rep04_gen56,TCGCCAA-TTGGCGA,OSU,FLY01C,PE150,FLYLONG_CBO_rep04_gen56_03_R1.fastq.gz,FLYLONG_CBO_rep04_gen56_03_R2.fastq.gz
AAF5LWWM5,1,CBO_rep05_gen56,GAATAGG-CCTATTC,OSU,FLY01C,PE150,FLYLONG_CBO_rep05_gen56_03_R1.fastq.gz,FLYLONG_CBO_rep05_gen56_03_R2.fastq.gz
AAF5LWWM5,1,EB_rep01_gen20,GGCATAC-GTATGCC,OSU,FLY01C,PE150,FLYLONG_EB_rep01_gen20_03_R1.fastq.gz,FLYLONG_EB_rep01_gen20_03_R2.fastq.gz
AAF5LWWM5,1,EB_rep02_gen20,TTGTCCA-TGGACAA,OSU,FLY01C,PE150,FLYLONG_EB_rep02_gen20_03_R1.fastq.gz,FLYLONG_EB_rep02_gen20_03_R2.fastq.gz
AAF5LWWM5,1,EB_rep05_gen20,AGTCGCA-TGCGACT,OSU,FLY01C,PE150,FLYLONG_EB_rep05_gen20_03_R1.fastq.gz,FLYLONG_EB_rep05_gen20_03_R2.fastq.gz
AAF5LWWM5,1,EBO_rep01_gen20,TCGCAGT-ACTGCGA,OSU,FLY01C,PE150,FLYLONG_EBO_rep01_gen20_03_R1.fastq.gz,FLYLONG_EBO_rep01_gen20_03_R2.fastq.gz
AAF5LWWM5,1,EBO_rep02_gen20,CACGTTC-GAACGTG,OSU,FLY01C,PE150,FLYLONG_EBO_rep02_gen20_03_R1.fastq.gz,FLYLONG_EBO_rep02_gen20_03_R2.fastq.gz
AAF5LWWM5,1,EBO_rep03_gen20,CCTAGAT-ATCTAGG,OSU,FLY01C,PE150,FLYLONG_EBO_rep03_gen20_03_R1.fastq.gz,FLYLONG_EBO_rep03_gen20_03_R2.fastq.gz
AAF5LWWM5,1,EBO_rep04_gen20,ATAGCTG-CAGCTAT,OSU,FLY01C,PE150,FLYLONG_EBO_rep04_gen20_03_R1.fastq.gz,FLYLONG_EBO_rep04_gen20_03_R2.fastq.gz
AAG2NCVM5,1,CB_rep04_gen01,CACTTGA-TCAAGTG,OSU,FLY01E,PE150,FLYLONG_CB_rep04_gen01_05_R1.fastq.gz,FLYLONG_CB_rep04_gen01_05_R2.fastq.gz
AAG2NCVM5,1,CBO_rep01_gen01,CCGGAAT-ATTCCGG,OSU,FLY01E,PE150,FLYLONG_CBO_rep01_gen01_05_R1.fastq.gz,FLYLONG_CBO_rep01_gen01_05_R2.fastq.gz
AAG2NCVM5,1,CBO_rep04_gen01,TAGACCG-CGGTCTA,OSU,FLY01E,PE150,FLYLONG_CBO_rep04_gen01_05_R1.fastq.gz,FLYLONG_CBO_rep04_gen01_05_R2.fastq.gz
AAG2NCVM5,1,EB_rep01_gen01,GTATCTC-GAGATAC,OSU,FLY01E,PE150,FLYLONG_EB_rep01_gen01_05_R1.fastq.gz,FLYLONG_EB_rep01_gen01_05_R2.fastq.gz
AAG2NCVM5,1,EB_rep02_gen01,GCTATAG-CTATAGC,OSU,FLY01E,PE150,FLYLONG_EB_rep02_gen01_05_R1.fastq.gz,FLYLONG_EB_rep02_gen01_05_R2.fastq.gz
AAG2NCVM5,1,EB_rep03_gen01,TTCCGTC-GACGGAA,OSU,FLY01E,PE150,FLYLONG_EB_rep03_gen01_05_R1.fastq.gz,FLYLONG_EB_rep03_gen01_05_R2.fastq.gz
AAG2NCVM5,1,EB_rep05_gen01,AGAGTGC-GCACTCT,OSU,FLY01E,PE150,FLYLONG_EB_rep05_gen01_05_R1.fastq.gz,FLYLONG_EB_rep05_gen01_05_R2.fastq.gz
AAG2NCVM5,1,EBO_rep01_gen01,CGTTCTT-AAGAACG,OSU,FLY01E,PE150,FLYLONG_EBO_rep01_gen01_05_R1.fastq.gz,FLYLONG_EBO_rep01_gen01_05_R2.fastq.gz
AAG2NCVM5,1,EBO_rep02_gen01,TTCGACG-CGTCGAA,OSU,FLY01E,PE150,FLYLONG_EBO_rep02_gen01_05_R1.fastq.gz,FLYLONG_EBO_rep02_gen01_05_R2.fastq.gz
AAG2NCVM5,1,EBO_rep03_gen01,ACCAGCA-TGCTGGT,OSU,FLY01E,PE150,FLYLONG_EBO_rep03_gen01_05_R1.fastq.gz,FLYLONG_EBO_rep03_gen01_05_R2.fastq.gz
AAG2NCVM5,1,EBO_rep05_gen01,GGAATGT-ACATTCC,OSU,FLY01E,PE150,FLYLONG_EBO_rep05_gen01_05_R1.fastq.gz,FLYLONG_EBO_rep05_gen01_05_R2.fastq.gz
AAG2NCVM5,1,CB_rep05_gen56,CGATGGA-TCCATCG,OSU,FLY01E,PE150,FLYLONG_CB_rep05_gen56_05_R1.fastq.gz,FLYLONG_CB_rep05_gen56_05_R2.fastq.gz
AAG2NCVM5,1,CBO_rep01_gen56,AATCGAC-GTCGATT,OSU,FLY01E,PE150,FLYLONG_CBO_rep01_gen56_05_R1.fastq.gz,FLYLONG_CBO_rep01_gen56_05_R2.fastq.gz
AAG2NCVM5,1,CBO_rep02_gen56,GATGACT-AGTCATC,OSU,FLY01E,PE150,FLYLONG_CBO_rep02_gen56_05_R1.fastq.gz,FLYLONG_CBO_rep02_gen56_05_R2.fastq.gz
AAG2NCVM5,1,CBO_rep03_gen56,ATGCATG-CATGCAT,OSU,FLY01E,PE150,FLYLONG_CBO_rep03_gen56_05_R1.fastq.gz,FLYLONG_CBO_rep03_gen56_05_R2.fastq.gz
AAG2NCVM5,1,CBO_rep04_gen56,TCGCCAA-TTGGCGA,OSU,FLY01E,PE150,FLYLONG_CBO_rep04_gen56_05_R1.fastq.gz,FLYLONG_CBO_rep04_gen56_05_R2.fastq.gz
AAG2NCVM5,1,CBO_rep05_gen56,GAATAGG-CCTATTC,OSU,FLY01E,PE150,FLYLONG_CBO_rep05_gen56_05_R1.fastq.gz,FLYLONG_CBO_rep05_gen56_05_R2.fastq.gz
AAG2NCVM5,1,EB_rep01_gen20,GGCATAC-GTATGCC,OSU,FLY01E,PE150,FLYLONG_EB_rep01_gen20_05_R1.fastq.gz,FLYLONG_EB_rep01_gen20_05_R2.fastq.gz
AAG2NCVM5,1,EB_rep02_gen20,TTGTCCA-TGGACAA,OSU,FLY01E,PE150,FLYLONG_EB_rep02_gen20_05_R1.fastq.gz,FLYLONG_EB_rep02_gen20_05_R2.fastq.gz
AAG2NCVM5,1,EB_rep05_gen20,AGTCGCA-TGCGACT,OSU,FLY01E,PE150,FLYLONG_EB_rep05_gen20_05_R1.fastq.gz,FLYLONG_EB_rep05_gen20_05_R2.fastq.gz
AAG2NCVM5,1,EBO_rep01_gen20,TCGCAGT-ACTGCGA,OSU,FLY01E,PE150,FLYLONG_EBO_rep01_gen20_05_R1.fastq.gz,FLYLONG_EBO_rep01_gen20_05_R2.fastq.gz
AAG2NCVM5,1,EBO_rep02_gen20,CACGTTC-GAACGTG,OSU,FLY01E,PE150,FLYLONG_EBO_rep02_gen20_05_R1.fastq.gz,FLYLONG_EBO_rep02_gen20_05_R2.fastq.gz
AAG2NCVM5,1,EBO_rep03_gen20,CCTAGAT-ATCTAGG,OSU,FLY01E,PE150,FLYLONG_EBO_rep03_gen20_05_R1.fastq.gz,FLYLONG_EBO_rep03_gen20_05_R2.fastq.gz
AAG2NCVM5,1,EBO_rep04_gen20,ATAGCTG-CAGCTAT,OSU,FLY01E,PE150,FLYLONG_EBO_rep04_gen20_05_R1.fastq.gz,FLYLONG_EBO_rep04_gen20_05_R2.fastq.gz
AACNNFKHV,1,CB_rep01_gen22,CACTTGA-TCAAGTG,OSU,FLY02a,PE150,FLYLONG_CB_rep01_gen22_01_R1.fastq.gz,FLYLONG_CB_rep01_gen22_01_R2.fastq.gz
AACNNFKHV,1,CB_rep02_gen22,CCGGAAT-ATTCCGG,OSU,FLY02a,PE150,FLYLONG_CB_rep02_gen22_01_R1.fastq.gz,FLYLONG_CB_rep02_gen22_01_R2.fastq.gz
AACNNFKHV,1,CB_rep03_gen22,TAGACCG-CGGTCTA,OSU,FLY02a,PE150,FLYLONG_CB_rep03_gen22_01_R1.fastq.gz,FLYLONG_CB_rep03_gen22_01_R2.fastq.gz
AACNNFKHV,1,CB_rep04_gen22,GTATCTC-GAGATAC,OSU,FLY02a,PE150,FLYLONG_CB_rep04_gen22_01_R1.fastq.gz,FLYLONG_CB_rep04_gen22_01_R2.fastq.gz
AACNNFKHV,1,CB_rep05_gen22,GCTATAG-CTATAGC,OSU,FLY02a,PE150,FLYLONG_CB_rep05_gen22_01_R1.fastq.gz,FLYLONG_CB_rep05_gen22_01_R2.fastq.gz
AACNNFKHV,1,CBO_rep01_gen22,TTCCGTC-GACGGAA,OSU,FLY02a,PE150,FLYLONG_CBO_rep01_gen22_01_R1.fastq.gz,FLYLONG_CBO_rep01_gen22_01_R2.fastq.gz
AACNNFKHV,1,CBO_rep02_gen22,AGAGTGC-GCACTCT,OSU,FLY02a,PE150,FLYLONG_CBO_rep02_gen22_01_R1.fastq.gz,FLYLONG_CBO_rep02_gen22_01_R2.fastq.gz
AACNNFKHV,1,CBO_rep03_gen22,CGTTCTT-AAGAACG,OSU,FLY02a,PE150,FLYLONG_CBO_rep03_gen22_01_R1.fastq.gz,FLYLONG_CBO_rep03_gen22_01_R2.fastq.gz
AACNNFKHV,1,CBO_rep04_gen22,TTCGACG-CGTCGAA,OSU,FLY02a,PE150,FLYLONG_CBO_rep04_gen22_01_R1.fastq.gz,FLYLONG_CBO_rep04_gen22_01_R2.fastq.gz
AACNNFKHV,1,CBO_rep05_gen22,ACCAGCA-TGCTGGT,OSU,FLY02a,PE150,FLYLONG_CBO_rep05_gen22_01_R1.fastq.gz,FLYLONG_CBO_rep05_gen22_01_R2.fastq.gz
AACNNFKHV,1,EB_rep01_gen12,GGAATGT-ACATTCC,OSU,FLY02a,PE150,FLYLONG_EB_rep01_gen12_01_R1.fastq.gz,FLYLONG_EB_rep01_gen12_01_R2.fastq.gz
AACNNFKHV,1,EB_rep02_gen12,CGATGGA-TCCATCG,OSU,FLY02a,PE150,FLYLONG_EB_rep02_gen12_01_R1.fastq.gz,FLYLONG_EB_rep02_gen12_01_R2.fastq.gz
AACNNFKHV,1,EB_rep03_gen12,AATCGAC-GTCGATT,OSU,FLY02a,PE150,FLYLONG_EB_rep03_gen12_01_R1.fastq.gz,FLYLONG_EB_rep03_gen12_01_R2.fastq.gz
AACNNFKHV,1,EB_rep04_gen12,GATGACT-AGTCATC,OSU,FLY02a,PE150,FLYLONG_EB_rep04_gen12_01_R1.fastq.gz,FLYLONG_EB_rep04_gen12_01_R2.fastq.gz
AACNNFKHV,1,EB_rep05_gen12,ATGCATG-CATGCAT,OSU,FLY02a,PE150,FLYLONG_EB_rep05_gen12_01_R1.fastq.gz,FLYLONG_EB_rep05_gen12_01_R2.fastq.gz
AACNNFKHV,1,EBO_rep01_gen12,TCGCCAA-TTGGCGA,OSU,FLY02a,PE150,FLYLONG_EBO_rep01_gen12_01_R1.fastq.gz,FLYLONG_EBO_rep01_gen12_01_R2.fastq.gz
AACNNFKHV,1,EBO_rep02_gen12,GAATAGG-CCTATTC,OSU,FLY02a,PE150,FLYLONG_EBO_rep02_gen12_01_R1.fastq.gz,FLYLONG_EBO_rep02_gen12_01_R2.fastq.gz
AACNNFKHV,1,EBO_rep03_gen12,GGCATAC-GTATGCC,OSU,FLY02a,PE150,FLYLONG_EBO_rep03_gen12_01_R1.fastq.gz,FLYLONG_EBO_rep03_gen12_01_R2.fastq.gz
AACNNFKHV,1,EBO_rep04_gen12,TTGTCCA-TGGACAA,OSU,FLY02a,PE150,FLYLONG_EBO_rep04_gen12_01_R1.fastq.gz,FLYLONG_EBO_rep04_gen12_01_R2.fastq.gz
AACNNFKHV,1,EBO_rep05_gen12,AGTCGCA-TGCGACT,OSU,FLY02a,PE150,FLYLONG_EBO_rep05_gen12_01_R1.fastq.gz,FLYLONG_EBO_rep05_gen12_01_R2.fastq.gz
AACNNFKHV,1,CB_rep01_gen112,TCGCAGT-ACTGCGA,OSU,FLY02a,PE150,FLYLONG_CB_rep01_gen12_01_R1.fastq.gz,FLYLONG_CB_rep01_gen12_01_R2.fastq.gz
AACNNFKHV,1,CB_rep02_gen112,CACGTTC-GAACGTG,OSU,FLY02a,PE150,FLYLONG_CB_rep02_gen12_01_R1.fastq.gz,FLYLONG_CB_rep02_gen12_01_R2.fastq.gz
AACNNFKHV,1,CB_rep03_gen112,CCTAGAT-ATCTAGG,OSU,FLY02a,PE150,FLYLONG_CB_rep03_gen12_01_R1.fastq.gz,FLYLONG_CB_rep03_gen12_01_R2.fastq.gz
AACNNFKHV,1,CB_rep04_gen112,ATAGCTG-CAGCTAT,OSU,FLY02a,PE150,FLYLONG_CB_rep04_gen12_01_R1.fastq.gz,FLYLONG_CB_rep04_gen12_01_R2.fastq.gz
AACNNFKHV,1,CB_rep05_gen112,GCTGTCA-TGACAGC,OSU,FLY02a,PE150,FLYLONG_CB_rep05_gen12_01_R1.fastq.gz,FLYLONG_CB_rep05_gen12_01_R2.fastq.gz
AACNNFKHV,1,CBO_rep01_gen112,ACGTGAG-CTCACGT,OSU,FLY02a,PE150,FLYLONG_CBO_rep01_gen12_01_R1.fastq.gz,FLYLONG_CBO_rep01_gen12_01_R2.fastq.gz
AACNNFKHV,1,CBO_rep02_gen112,CAATCTG-CAGATTG,OSU,FLY02a,PE150,FLYLONG_CBO_rep02_gen12_01_R1.fastq.gz,FLYLONG_CBO_rep02_gen12_01_R2.fastq.gz
AACNNFKHV,1,CBO_rep03_gen112,ATTAGGC-GCCTAAT,OSU,FLY02a,PE150,FLYLONG_CBO_rep03_gen12_01_R1.fastq.gz,FLYLONG_CBO_rep03_gen12_01_R2.fastq.gz
AACNNFKHV,1,CBO_rep04_gen112,GAACCGT-ACGGTTC,OSU,FLY02a,PE150,FLYLONG_CBO_rep04_gen12_01_R1.fastq.gz,FLYLONG_CBO_rep04_gen12_01_R2.fastq.gz
AACNNFKHV,1,CBO_rep05_gen112,TTGGTAC-GTACCAA,OSU,FLY02a,PE150,FLYLONG_CBO_rep05_gen12_01_R1.fastq.gz,FLYLONG_CBO_rep05_gen12_01_R2.fastq.gz
AACNNFKHV,1,EB_rep01_gen32,CGCCATT-AATGGCG,OSU,FLY02a,PE150,FLYLONG_EB_rep01_gen32_01_R1.fastq.gz,FLYLONG_EB_rep01_gen32_01_R2.fastq.gz
AACNNFKHV,1,EB_rep02_gen32,TGCAACA-TGTTGCA,OSU,FLY02a,PE150,FLYLONG_EB_rep02_gen32_01_R1.fastq.gz,FLYLONG_EB_rep02_gen32_01_R2.fastq.gz
AACNNFKHV,1,EB_rep03_gen32,GACTCTA-TAGAGTC,OSU,FLY02a,PE150,FLYLONG_EB_rep03_gen32_01_R1.fastq.gz,FLYLONG_EB_rep03_gen32_01_R2.fastq.gz
AACNNFKHV,1,EB_rep04_gen32,CTCTACT-AGTAGAG,OSU,FLY02a,PE150,FLYLONG_EB_rep04_gen32_01_R1.fastq.gz,FLYLONG_EB_rep04_gen32_01_R2.fastq.gz
AACNNFKHV,1,EB_rep05_gen32,CATCTTG-CAAGATG,OSU,FLY02a,PE150,FLYLONG_EB_rep05_gen32_01_R1.fastq.gz,FLYLONG_EB_rep05_gen32_01_R2.fastq.gz
AACNNFKHV,1,EBO_rep01_gen32,CGAGTAG-CTACTCG,OSU,FLY02a,PE150,FLYLONG_EBO_rep01_gen32_01_R1.fastq.gz,FLYLONG_EBO_rep01_gen32_01_R2.fastq.gz
AACNNFKHV,1,EBO_rep02_gen32,ATGCGCT-AGCGCAT,OSU,FLY02a,PE150,FLYLONG_EBO_rep02_gen32_01_R1.fastq.gz,FLYLONG_EBO_rep02_gen32_01_R2.fastq.gz
AACNNFKHV,1,EBO_rep03_gen32,TGGAGAC-GTCTCCA,OSU,FLY02a,PE150,FLYLONG_EBO_rep03_gen32_01_R1.fastq.gz,FLYLONG_EBO_rep03_gen32_01_R2.fastq.gz
AACNNFKHV,1,EBO_rep04_gen32,TGTCCGA-TCGGACA,OSU,FLY02a,PE150,FLYLONG_EBO_rep04_gen32_01_R1.fastq.gz,FLYLONG_EBO_rep04_gen32_01_R2.fastq.gz
AACNNFKHV,1,EBO_rep05_gen32,AACTCCT-AGGAGTT,OSU,FLY02a,PE150,FLYLONG_EBO_rep05_gen32_01_R1.fastq.gz,FLYLONG_EBO_rep05_gen32_01_R2.fastq.gz
AACT7HYHV,1,CB_rep01_gen22,CACTTGA-TCAAGTG,OSU,FLY02b,PE150,FLYLONG_CB_rep01_gen22_02_R1.fastq.gz,FLYLONG_CB_rep01_gen22_02_R2.fastq.gz
AACT7HYHV,1,CB_rep02_gen22,CCGGAAT-ATTCCGG,OSU,FLY02b,PE150,FLYLONG_CB_rep02_gen22_02_R1.fastq.gz,FLYLONG_CB_rep02_gen22_02_R2.fastq.gz
AACT7HYHV,1,CB_rep03_gen22,TAGACCG-CGGTCTA,OSU,FLY02b,PE150,FLYLONG_CB_rep03_gen22_02_R1.fastq.gz,FLYLONG_CB_rep03_gen22_02_R2.fastq.gz
AACT7HYHV,1,CB_rep04_gen22,GTATCTC-GAGATAC,OSU,FLY02b,PE150,FLYLONG_CB_rep04_gen22_02_R1.fastq.gz,FLYLONG_CB_rep04_gen22_02_R2.fastq.gz
AACT7HYHV,1,CB_rep05_gen22,GCTATAG-CTATAGC,OSU,FLY02b,PE150,FLYLONG_CB_rep05_gen22_02_R1.fastq.gz,FLYLONG_CB_rep05_gen22_02_R2.fastq.gz
AACT7HYHV,1,CBO_rep01_gen22,TTCCGTC-GACGGAA,OSU,FLY02b,PE150,FLYLONG_CBO_rep01_gen22_02_R1.fastq.gz,FLYLONG_CBO_rep01_gen22_02_R2.fastq.gz
AACT7HYHV,1,CBO_rep02_gen22,AGAGTGC-GCACTCT,OSU,FLY02b,PE150,FLYLONG_CBO_rep02_gen22_02_R1.fastq.gz,FLYLONG_CBO_rep02_gen22_02_R2.fastq.gz
AACT7HYHV,1,CBO_rep03_gen22,CGTTCTT-AAGAACG,OSU,FLY02b,PE150,FLYLONG_CBO_rep03_gen22_02_R1.fastq.gz,FLYLONG_CBO_rep03_gen22_02_R2.fastq.gz
AACT7HYHV,1,CBO_rep04_gen22,TTCGACG-CGTCGAA,OSU,FLY02b,PE150,FLYLONG_CBO_rep04_gen22_02_R1.fastq.gz,FLYLONG_CBO_rep04_gen22_02_R2.fastq.gz
AACT7HYHV,1,CBO_rep05_gen22,ACCAGCA-TGCTGGT,OSU,FLY02b,PE150,FLYLONG_CBO_rep05_gen22_02_R1.fastq.gz,FLYLONG_CBO_rep05_gen22_02_R2.fastq.gz
AACT7HYHV,1,EB_rep01_gen12,GGAATGT-ACATTCC,OSU,FLY02b,PE150,FLYLONG_EB_rep01_gen12_02_R1.fastq.gz,FLYLONG_EB_rep01_gen12_02_R2.fastq.gz
AACT7HYHV,1,EB_rep02_gen12,CGATGGA-TCCATCG,OSU,FLY02b,PE150,FLYLONG_EB_rep02_gen12_02_R1.fastq.gz,FLYLONG_EB_rep02_gen12_02_R2.fastq.gz
AACT7HYHV,1,EB_rep03_gen12,AATCGAC-GTCGATT,OSU,FLY02b,PE150,FLYLONG_EB_rep03_gen12_02_R1.fastq.gz,FLYLONG_EB_rep03_gen12_02_R2.fastq.gz
AACT7HYHV,1,EB_rep04_gen12,GATGACT-AGTCATC,OSU,FLY02b,PE150,FLYLONG_EB_rep04_gen12_02_R1.fastq.gz,FLYLONG_EB_rep04_gen12_02_R2.fastq.gz
AACT7HYHV,1,EB_rep05_gen12,ATGCATG-CATGCAT,OSU,FLY02b,PE150,FLYLONG_EB_rep05_gen12_02_R1.fastq.gz,FLYLONG_EB_rep05_gen12_02_R2.fastq.gz
AACT7HYHV,1,EBO_rep01_gen12,TCGCCAA-TTGGCGA,OSU,FLY02b,PE150,FLYLONG_EBO_rep01_gen12_02_R1.fastq.gz,FLYLONG_EBO_rep01_gen12_02_R2.fastq.gz
AACT7HYHV,1,EBO_rep02_gen12,GAATAGG-CCTATTC,OSU,FLY02b,PE150,FLYLONG_EBO_rep02_gen12_02_R1.fastq.gz,FLYLONG_EBO_rep02_gen12_02_R2.fastq.gz
AACT7HYHV,1,EBO_rep03_gen12,GGCATAC-GTATGCC,OSU,FLY02b,PE150,FLYLONG_EBO_rep03_gen12_02_R1.fastq.gz,FLYLONG_EBO_rep03_gen12_02_R2.fastq.gz
AACT7HYHV,1,EBO_rep04_gen12,TTGTCCA-TGGACAA,OSU,FLY02b,PE150,FLYLONG_EBO_rep04_gen12_02_R1.fastq.gz,FLYLONG_EBO_rep04_gen12_02_R2.fastq.gz
AACT7HYHV,1,EBO_rep05_gen12,AGTCGCA-TGCGACT,OSU,FLY02b,PE150,FLYLONG_EBO_rep05_gen12_02_R1.fastq.gz,FLYLONG_EBO_rep05_gen12_02_R2.fastq.gz
AACT7HYHV,1,CB_rep01_gen112,TCGCAGT-ACTGCGA,OSU,FLY02b,PE150,FLYLONG_CB_rep01_gen12_02_R1.fastq.gz,FLYLONG_CB_rep01_gen12_02_R2.fastq.gz
AACT7HYHV,1,CB_rep02_gen112,CACGTTC-GAACGTG,OSU,FLY02b,PE150,FLYLONG_CB_rep02_gen12_02_R1.fastq.gz,FLYLONG_CB_rep02_gen12_02_R2.fastq.gz
AACT7HYHV,1,CB_rep03_gen112,CCTAGAT-ATCTAGG,OSU,FLY02b,PE150,FLYLONG_CB_rep03_gen12_02_R1.fastq.gz,FLYLONG_CB_rep03_gen12_02_R2.fastq.gz
AACT7HYHV,1,CB_rep04_gen112,ATAGCTG-CAGCTAT,OSU,FLY02b,PE150,FLYLONG_CB_rep04_gen12_02_R1.fastq.gz,FLYLONG_CB_rep04_gen12_02_R2.fastq.gz
AACT7HYHV,1,CB_rep05_gen112,GCTGTCA-TGACAGC,OSU,FLY02b,PE150,FLYLONG_CB_rep05_gen12_02_R1.fastq.gz,FLYLONG_CB_rep05_gen12_02_R2.fastq.gz
AACT7HYHV,1,CBO_rep01_gen112,ACGTGAG-CTCACGT,OSU,FLY02b,PE150,FLYLONG_CBO_rep01_gen12_02_R1.fastq.gz,FLYLONG_CBO_rep01_gen12_02_R2.fastq.gz
AACT7HYHV,1,CBO_rep02_gen112,CAATCTG-CAGATTG,OSU,FLY02b,PE150,FLYLONG_CBO_rep02_gen12_02_R1.fastq.gz,FLYLONG_CBO_rep02_gen12_02_R2.fastq.gz
AACT7HYHV,1,CBO_rep03_gen112,ATTAGGC-GCCTAAT,OSU,FLY02b,PE150,FLYLONG_CBO_rep03_gen12_02_R1.fastq.gz,FLYLONG_CBO_rep03_gen12_02_R2.fastq.gz
AACT7HYHV,1,CBO_rep04_gen112,GAACCGT-ACGGTTC,OSU,FLY02b,PE150,FLYLONG_CBO_rep04_gen12_02_R1.fastq.gz,FLYLONG_CBO_rep04_gen12_02_R2.fastq.gz
AACT7HYHV,1,CBO_rep05_gen112,TTGGTAC-GTACCAA,OSU,FLY02b,PE150,FLYLONG_CBO_rep05_gen12_02_R1.fastq.gz,FLYLONG_CBO_rep05_gen12_02_R2.fastq.gz
AACT7HYHV,1,EB_rep01_gen32,CGCCATT-AATGGCG,OSU,FLY02b,PE150,FLYLONG_EB_rep01_gen32_02_R1.fastq.gz,FLYLONG_EB_rep01_gen32_02_R2.fastq.gz
AACT7HYHV,1,EB_rep02_gen32,TGCAACA-TGTTGCA,OSU,FLY02b,PE150,FLYLONG_EB_rep02_gen32_02_R1.fastq.gz,FLYLONG_EB_rep02_gen32_02_R2.fastq.gz
AACT7HYHV,1,EB_rep03_gen32,GACTCTA-TAGAGTC,OSU,FLY02b,PE150,FLYLONG_EB_rep03_gen32_02_R1.fastq.gz,FLYLONG_EB_rep03_gen32_02_R2.fastq.gz
AACT7HYHV,1,EB_rep04_gen32,CTCTACT-AGTAGAG,OSU,FLY02b,PE150,FLYLONG_EB_rep04_gen32_02_R1.fastq.gz,FLYLONG_EB_rep04_gen32_02_R2.fastq.gz
AACT7HYHV,1,EB_rep05_gen32,CATCTTG-CAAGATG,OSU,FLY02b,PE150,FLYLONG_EB_rep05_gen32_02_R1.fastq.gz,FLYLONG_EB_rep05_gen32_02_R2.fastq.gz
AACT7HYHV,1,EBO_rep01_gen32,CGAGTAG-CTACTCG,OSU,FLY02b,PE150,FLYLONG_EBO_rep01_gen32_02_R1.fastq.gz,FLYLONG_EBO_rep01_gen32_02_R2.fastq.gz
AACT7HYHV,1,EBO_rep02_gen32,ATGCGCT-AGCGCAT,OSU,FLY02b,PE150,FLYLONG_EBO_rep02_gen32_02_R1.fastq.gz,FLYLONG_EBO_rep02_gen32_02_R2.fastq.gz
AACT7HYHV,1,EBO_rep03_gen32,TGGAGAC-GTCTCCA,OSU,FLY02b,PE150,FLYLONG_EBO_rep03_gen32_02_R1.fastq.gz,FLYLONG_EBO_rep03_gen32_02_R2.fastq.gz
AACT7HYHV,1,EBO_rep04_gen32,TGTCCGA-TCGGACA,OSU,FLY02b,PE150,FLYLONG_EBO_rep04_gen32_02_R1.fastq.gz,FLYLONG_EBO_rep04_gen32_02_R2.fastq.gz
AACT7HYHV,1,EBO_rep05_gen32,AACTCCT-AGGAGTT,OSU,FLY02b,PE150,FLYLONG_EBO_rep05_gen32_02_R1.fastq.gz,FLYLONG_EBO_rep05_gen32_02_R2.fastq.gz